date,avg_temp
2015-01-01,31
2015-01-02,39
2015-01-03,35
2015-01-04,45
2015-01-05,42
2015-01-06,21
2015-01-07,22
2015-01-08,13
2015-01-09,24
2015-01-10,22
2015-01-11,25
2015-01-12,36
2015-01-13,30
2015-01-14,22
2015-01-15,29
2015-01-16,34
2015-01-17,22
2015-01-18,33
2015-01-19,39
2015-01-20,37
2015-01-21,31
2015-01-22,34
2015-01-23,32
2015-01-24,35
2015-01-25,38
2015-01-26,27
2015-01-27,24
2015-01-28,24
2015-01-29,26
2015-01-30,34
2015-01-31,20
2015-02-01,27
2015-02-02,30
2015-02-03,19
2015-02-04,30
2015-02-05,33
2015-02-06,18
2015-02-07,29
2015-02-08,33
2015-02-09,29
2015-02-10,30
2015-02-11,28
2015-02-12,32
2015-02-13,18
2015-02-14,23
2015-02-15,20
2015-02-16,10
2015-02-17,19
2015-02-18,24
2015-02-19,22
2015-02-20,11
2015-02-21,20
2015-02-22,34
2015-02-23,29
2015-02-24,12
2015-02-25,28
2015-02-26,27
2015-02-27,24
2015-02-28,22
2015-03-01,27
2015-03-02,32
2015-03-03,28
2015-03-04,39
2015-03-05,33
2015-03-06,21
2015-03-07,27
2015-03-08,40
2015-03-09,45
2015-03-10,41
2015-03-11,46
2015-03-12,45
2015-03-13,37
2015-03-14,44
2015-03-15,44
2015-03-16,40
2015-03-17,48
2015-03-18,34
2015-03-19,33
2015-03-20,34
2015-03-21,35
2015-03-22,40
2015-03-23,31
2015-03-24,34
2015-03-25,39
2015-03-26,45
2015-03-27,45
2015-03-28,38
2015-03-29,33
2015-03-30,42
2015-03-31,43
2015-04-01,40
2015-04-02,50
2015-04-03,59
2015-04-04,52
2015-04-05,50
2015-04-06,47
2015-04-07,51
2015-04-08,43
2015-04-09,39
2015-04-10,43
2015-04-11,55
2015-04-12,51
2015-04-13,56
2015-04-14,59
2015-04-15,59
2015-04-16,56
2015-04-17,60
2015-04-18,66
2015-04-19,58
2015-04-20,51
2015-04-21,57
2015-04-22,59
2015-04-23,47
2015-04-24,43
2015-04-25,46
2015-04-26,52
2015-04-27,54
2015-04-28,57
2015-04-29,64
2015-04-30,52
2015-05-01,53
2015-05-02,54
2015-05-03,60
2015-05-04,67
2015-05-05,73
2015-05-06,65
2015-05-07,65
2015-05-08,64
2015-05-09,58
2015-05-10,66
2015-05-11,74
2015-05-12,75
2015-05-13,65
2015-05-14,60
2015-05-15,63
2015-05-16,65
2015-05-17,70
2015-05-18,64
2015-05-19,62
2015-05-20,62
2015-05-21,57
2015-05-22,62
2015-05-23,59
2015-05-24,66
2015-05-25,72
2015-05-26,75
2015-05-27,74
2015-05-28,73
2015-05-29,73
2015-05-30,73
2015-05-31,75
2015-06-01,57
2015-06-02,52
2015-06-03,58
2015-06-04,58
2015-06-05,60
2015-06-06,66
2015-06-07,65
2015-06-08,67
2015-06-09,73
2015-06-10,74
2015-06-11,80
2015-06-12,81
2015-06-13,80
2015-06-14,77
2015-06-15,70
2015-06-16,68
2015-06-17,74
2015-06-18,67
2015-06-19,73
2015-06-20,69
2015-06-21,75
2015-06-22,80
2015-06-23,84
2015-06-24,77
2015-06-25,77
2015-06-26,75
2015-06-27,69
2015-06-28,64
2015-06-29,71
2015-06-30,75
2015-07-01,76
2015-07-02,76
2015-07-03,74
2015-07-04,72
2015-07-05,75
2015-07-06,77
2015-07-07,80
2015-07-08,82
2015-07-09,74
2015-07-10,76
2015-07-11,79
2015-07-12,81
2015-07-13,80
2015-07-14,76
2015-07-15,76
2015-07-16,72
2015-07-17,74
2015-07-18,76
2015-07-19,84
2015-07-20,89
2015-07-21,86
2015-07-22,77
2015-07-23,77
2015-07-24,78
2015-07-25,78
2015-07-26,80
2015-07-27,80
2015-07-28,83
2015-07-29,86
2015-07-30,82
2015-07-31,81
2015-08-01,84
2015-08-02,81
2015-08-03,83
2015-08-04,83
2015-08-05,80
2015-08-06,76
2015-08-07,76
2015-08-08,75
2015-08-09,76
2015-08-10,74
2015-08-11,75
2015-08-12,77
2015-08-13,76
2015-08-14,79
2015-08-15,81
2015-08-16,83
2015-08-17,85
2015-08-18,83
2015-08-19,80
2015-08-20,81
2015-08-21,79
2015-08-22,77
2015-08-23,76
2015-08-24,78
2015-08-25,81
2015-08-26,77
2015-08-27,74
2015-08-28,73
2015-08-29,77
2015-08-30,79
2015-08-31,83
2015-09-01,83
2015-09-02,80
2015-09-03,83
2015-09-04,80
2015-09-05,73
2015-09-06,74
2015-09-07,78
2015-09-08,83
2015-09-09,81
2015-09-10,75
2015-09-11,72
2015-09-12,75
2015-09-13,73
2015-09-14,67
2015-09-15,73
2015-09-16,77
2015-09-17,78
2015-09-18,77
2015-09-19,74
2015-09-20,73
2015-09-21,65
2015-09-22,66
2015-09-23,68
2015-09-24,70
2015-09-25,69
2015-09-26,66
2015-09-27,62
2015-09-28,69
2015-09-29,75
2015-09-30,73
2015-10-01,59
2015-10-02,54
2015-10-03,52
2015-10-04,57
2015-10-05,57
2015-10-06,62
2015-10-07,65
2015-10-08,64
2015-10-09,67
2015-10-10,60
2015-10-11,60
2015-10-12,65
2015-10-13,66
2015-10-14,65
2015-10-15,58
2015-10-16,59
2015-10-17,53
2015-10-18,44
2015-10-19,44
2015-10-20,56
2015-10-21,65
2015-10-22,65
2015-10-23,60
2015-10-24,48
2015-10-25,59
2015-10-26,53
2015-10-27,52
2015-10-28,57
2015-10-29,67
2015-10-30,57
2015-10-31,49
2015-11-01,57
2015-11-02,60
2015-11-03,61
2015-11-04,62
2015-11-05,62
2015-11-06,68
2015-11-07,66
2015-11-08,53
2015-11-09,53
2015-11-10,56
2015-11-11,53
2015-11-12,55
2015-11-13,57
2015-11-14,48
2015-11-15,47
2015-11-16,59
2015-11-17,49
2015-11-18,51
2015-11-19,60
2015-11-20,59
2015-11-21,47
2015-11-22,52
2015-11-23,42
2015-11-24,39
2015-11-25,44
2015-11-26,48
2015-11-27,56
2015-11-28,57
2015-11-29,43
2015-11-30,40
2015-12-01,47
2015-12-02,48
2015-12-03,51
2015-12-04,47
2015-12-05,47
2015-12-06,47
2015-12-07,49
2015-12-08,45
2015-12-09,46
2015-12-10,55
2015-12-11,54
2015-12-12,59
2015-12-13,57
2015-12-14,54
2015-12-15,61
2015-12-16,50
2015-12-17,53
2015-12-18,51
2015-12-19,39
2015-12-20,40
2015-12-21,46
2015-12-22,57
2015-12-23,54
2015-12-24,64
2015-12-25,60
2015-12-26,54
2015-12-27,52
2015-12-28,45
2015-12-29,40
2015-12-30,42
2015-12-31,47
2016-01-01,42
2016-01-02,37
2016-01-03,40
2016-01-04,34
2016-01-05,20
2016-01-06,32
2016-01-07,39
2016-01-08,40
2016-01-09,44
2016-01-10,51
2016-01-11,38
2016-01-12,33
2016-01-13,29
2016-01-14,29
2016-01-15,40
2016-01-16,46
2016-01-17,39
2016-01-18,29
2016-01-19,23
2016-01-20,32
2016-01-21,33
2016-01-22,27
2016-01-23,28
2016-01-24,28
2016-01-25,34
2016-01-26,40
2016-01-27,44
2016-01-28,38
2016-01-29,40
2016-01-30,34
2016-01-31,42
2016-02-01,51
2016-02-02,45
2016-02-03,48
2016-02-04,54
2016-02-05,39
2016-02-06,36
2016-02-07,40
2016-02-08,37
2016-02-09,30
2016-02-10,35
2016-02-11,28
2016-02-12,22
2016-02-13,22
2016-02-14,8
2016-02-15,19
2016-02-16,46
2016-02-17,40
2016-02-18,34
2016-02-19,30
2016-02-20,47
2016-02-21,53
2016-02-22,46
2016-02-23,39
2016-02-24,40
2016-02-25,53
2016-02-26,37
2016-02-27,33
2016-02-28,46
2016-02-29,51
2016-03-01,47
2016-03-02,47
2016-03-03,31
2016-03-04,34
2016-03-05,35
2016-03-06,38
2016-03-07,45
2016-03-08,54
2016-03-09,54
2016-03-10,70
2016-03-11,61
2016-03-12,50
2016-03-13,57
2016-03-14,48
2016-03-15,48
2016-03-16,53
2016-03-17,52
2016-03-18,53
2016-03-19,44
2016-03-20,39
2016-03-21,40
2016-03-22,44
2016-03-23,57
2016-03-24,50
2016-03-25,56
2016-03-26,47
2016-03-27,46
2016-03-28,47
2016-03-29,50
2016-03-30,45
2016-03-31,57
2016-04-01,63
2016-04-02,56
2016-04-03,42
2016-04-04,40
2016-04-05,33
2016-04-06,39
2016-04-07,52
2016-04-08,49
2016-04-09,41
2016-04-10,40
2016-04-11,50
2016-04-12,53
2016-04-13,48
2016-04-14,50
2016-04-15,51
2016-04-16,53
2016-04-17,56
2016-04-18,62
2016-04-19,65
2016-04-20,59
2016-04-21,59
2016-04-22,70
2016-04-23,67
2016-04-24,56
2016-04-25,57
2016-04-26,54
2016-04-27,51
2016-04-28,53
2016-04-29,52
2016-04-30,53
2016-05-01,50
2016-05-02,51
2016-05-03,54
2016-05-04,51
2016-05-05,52
2016-05-06,52
2016-05-07,52
2016-05-08,55
2016-05-09,63
2016-05-10,59
2016-05-11,63
2016-05-12,66
2016-05-13,62
2016-05-14,66
2016-05-15,56
2016-05-16,53
2016-05-17,62
2016-05-18,59
2016-05-19,61
2016-05-20,64
2016-05-21,62
2016-05-22,61
2016-05-23,65
2016-05-24,66
2016-05-25,74
2016-05-26,82
2016-05-27,77
2016-05-28,80
2016-05-29,80
2016-05-30,74
2016-05-31,77
2016-06-01,76
2016-06-02,69
2016-06-03,66
2016-06-04,73
2016-06-05,69
2016-06-06,75
2016-06-07,79
2016-06-08,65
2016-06-09,64
2016-06-10,68
2016-06-11,75
2016-06-12,80
2016-06-13,66
2016-06-14,69
2016-06-15,75
2016-06-16,73
2016-06-17,71
2016-06-18,73
2016-06-19,75
2016-06-20,73
2016-06-21,81
2016-06-22,78
2016-06-23,74
2016-06-24,75
2016-06-25,73
2016-06-26,76
2016-06-27,76
2016-06-28,73
2016-06-29,76
2016-06-30,78
2016-07-01,77
2016-07-02,73
2016-07-03,75
2016-07-04,77
2016-07-05,76
2016-07-06,86
2016-07-07,85
2016-07-08,79
2016-07-09,70
2016-07-10,73
2016-07-11,74
2016-07-12,77
2016-07-13,78
2016-07-14,80
2016-07-15,87
2016-07-16,84
2016-07-17,83
2016-07-18,86
2016-07-19,80
2016-07-20,78
2016-07-21,81
2016-07-22,85
2016-07-23,89
2016-07-24,85
2016-07-25,84
2016-07-26,82
2016-07-27,85
2016-07-28,85
2016-07-29,78
2016-07-30,78
2016-07-31,78
2016-08-01,74
2016-08-02,74
2016-08-03,74
2016-08-04,76
2016-08-05,77
2016-08-06,81
2016-08-07,81
2016-08-08,81
2016-08-09,81
2016-08-10,81
2016-08-11,87
2016-08-12,87
2016-08-13,89
2016-08-14,91
2016-08-15,85
2016-08-16,85
2016-08-17,83
2016-08-18,80
2016-08-19,82
2016-08-20,79
2016-08-21,81
2016-08-22,76
2016-08-23,74
2016-08-24,79
2016-08-25,79
2016-08-26,84
2016-08-27,82
2016-08-28,81
2016-08-29,82
2016-08-30,79
2016-08-31,80
2016-09-01,77
2016-09-02,75
2016-09-03,74
2016-09-04,72
2016-09-05,74
2016-09-06,78
2016-09-07,77
2016-09-08,79
2016-09-09,87
2016-09-10,82
2016-09-11,81
2016-09-12,71
2016-09-13,73
2016-09-14,78
2016-09-15,70
2016-09-16,69
2016-09-17,69
2016-09-18,76
2016-09-19,75
2016-09-20,75
2016-09-21,78
2016-09-22,77
2016-09-23,77
2016-09-24,69
2016-09-25,64
2016-09-26,66
2016-09-27,71
2016-09-28,68
2016-09-29,63
2016-09-30,62
2016-10-01,60
2016-10-02,61
2016-10-03,66
2016-10-04,67
2016-10-05,62
2016-10-06,65
2016-10-07,66
2016-10-08,65
2016-10-09,61
2016-10-10,57
2016-10-11,56
2016-10-12,61
2016-10-13,62
2016-10-14,57
2016-10-15,57
2016-10-16,62
2016-10-17,72
2016-10-18,75
2016-10-19,77
2016-10-20,68
2016-10-21,69
2016-10-22,56
2016-10-23,54
2016-10-24,59
2016-10-25,51
2016-10-26,47
2016-10-27,46
2016-10-28,51
2016-10-29,51
2016-10-30,68
2016-10-31,53
2016-11-01,51
2016-11-02,61
2016-11-03,67
2016-11-04,59
2016-11-05,55
2016-11-06,58
2016-11-07,49
2016-11-08,56
2016-11-09,59
2016-11-10,51
2016-11-11,56
2016-11-12,45
2016-11-13,52
2016-11-14,57
2016-11-15,53
2016-11-16,54
2016-11-17,57
2016-11-18,55
2016-11-19,55
2016-11-20,44
2016-11-21,41
2016-11-22,41
2016-11-23,41
2016-11-24,44
2016-11-25,50
2016-11-26,50
2016-11-27,46
2016-11-28,47
2016-11-29,55
2016-11-30,57
2016-12-01,54
2016-12-02,47
2016-12-03,46
2016-12-04,44
2016-12-05,44
2016-12-06,45
2016-12-07,44
2016-12-08,45
2016-12-09,38
2016-12-10,33
2016-12-11,33
2016-12-12,40
2016-12-13,42
2016-12-14,42
2016-12-15,31
2016-12-16,23
2016-12-17,31
2016-12-18,47
2016-12-19,31
2016-12-20,27
2016-12-21,36
2016-12-22,43
2016-12-23,44
2016-12-24,44
2016-12-25,45
2016-12-26,39
2016-12-27,56
2016-12-28,42
2016-12-29,40
2016-12-30,40
2016-12-31,38
2017-01-01,46
2017-01-02,40
2017-01-03,42
2017-01-04,47
2017-01-05,34
2017-01-06,32
2017-01-07,25
2017-01-08,23
2017-01-09,21
2017-01-10,28
2017-01-11,47
2017-01-12,55
2017-01-13,54
2017-01-14,32
2017-01-15,35
2017-01-16,37
2017-01-17,42
2017-01-18,41
2017-01-19,44
2017-01-20,43
2017-01-21,46
2017-01-22,46
2017-01-23,44
2017-01-24,39
2017-01-25,42
2017-01-26,50
2017-01-27,44
2017-01-28,39
2017-01-29,40
2017-01-30,37
2017-01-31,31
2017-02-01,41
2017-02-02,42
2017-02-03,33
2017-02-04,29
2017-02-05,36
2017-02-06,43
2017-02-07,40
2017-02-08,47
2017-02-09,36
2017-02-10,24
2017-02-11,38
2017-02-12,36
2017-02-13,38
2017-02-14,35
2017-02-15,41
2017-02-16,36
2017-02-17,34
2017-02-18,46
2017-02-19,60
2017-02-20,51
2017-02-21,42
2017-02-22,48
2017-02-23,51
2017-02-24,60
2017-02-25,57
2017-02-26,44
2017-02-27,44
2017-02-28,50
2017-03-01,58
2017-03-02,55
2017-03-03,37
2017-03-04,28
2017-03-05,25
2017-03-06,34
2017-03-07,47
2017-03-08,54
2017-03-09,58
2017-03-10,42
2017-03-11,26
2017-03-12,27
2017-03-13,28
2017-03-14,32
2017-03-15,26
2017-03-16,32
2017-03-17,39
2017-03-18,38
2017-03-19,40
2017-03-20,44
2017-03-21,51
2017-03-22,43
2017-03-23,32
2017-03-24,44
2017-03-25,54
2017-03-26,42
2017-03-27,42
2017-03-28,44
2017-03-29,49
2017-03-30,46
2017-03-31,43
2017-04-01,42
2017-04-02,51
2017-04-03,56
2017-04-04,50
2017-04-05,52
2017-04-06,46
2017-04-07,50
2017-04-08,47
2017-04-09,54
2017-04-10,61
2017-04-11,67
2017-04-12,64
2017-04-13,58
2017-04-14,57
2017-04-15,57
2017-04-16,71
2017-04-17,71
2017-04-18,59
2017-04-19,50
2017-04-20,54
2017-04-21,52
2017-04-22,52
2017-04-23,55
2017-04-24,53
2017-04-25,53
2017-04-26,55
2017-04-27,62
2017-04-28,67
2017-04-29,77
2017-04-30,65
2017-05-01,56
2017-05-02,71
2017-05-03,64
2017-05-04,58
2017-05-05,56
2017-05-06,62
2017-05-07,56
2017-05-08,53
2017-05-09,56
2017-05-10,57
2017-05-11,57
2017-05-12,56
2017-05-13,53
2017-05-14,55
2017-05-15,62
2017-05-16,69
2017-05-17,79
2017-05-18,88
2017-05-19,88
2017-05-20,67
2017-05-21,62
2017-05-22,60
2017-05-23,63
2017-05-24,63
2017-05-25,58
2017-05-26,63
2017-05-27,67
2017-05-28,65
2017-05-29,59
2017-05-30,58
2017-05-31,63
2017-06-01,69
2017-06-02,71
2017-06-03,66
2017-06-04,66
2017-06-05,62
2017-06-06,58
2017-06-07,59
2017-06-08,64
2017-06-09,67
2017-06-10,78
2017-06-11,84
2017-06-12,87
2017-06-13,90
2017-06-14,79
2017-06-15,71
2017-06-16,66
2017-06-17,67
2017-06-18,75
2017-06-19,78
2017-06-20,77
2017-06-21,80
2017-06-22,77
2017-06-23,81
2017-06-24,80
2017-06-25,78
2017-06-26,74
2017-06-27,71
2017-06-28,71
2017-06-29,76
2017-06-30,80
2017-07-01,79
2017-07-02,80
2017-07-03,83
2017-07-04,78
2017-07-05,77
2017-07-06,74
2017-07-07,72
2017-07-08,78
2017-07-09,76
2017-07-10,79
2017-07-11,80
2017-07-12,84
2017-07-13,86
2017-07-14,70
2017-07-15,74
2017-07-16,78
2017-07-17,80
2017-07-18,80
2017-07-19,85
2017-07-20,87
2017-07-21,84
2017-07-22,85
2017-07-23,76
2017-07-24,70
2017-07-25,66
2017-07-26,71
2017-07-27,72
2017-07-28,77
2017-07-29,73
2017-07-30,73
2017-07-31,78
2017-08-01,81
2017-08-02,80
2017-08-03,76
2017-08-04,78
2017-08-05,76
2017-08-06,72
2017-08-07,70
2017-08-08,70
2017-08-09,76
2017-08-10,78
2017-08-11,76
2017-08-12,72
2017-08-13,77
2017-08-14,77
2017-08-15,73
2017-08-16,77
2017-08-17,76
2017-08-18,77
2017-08-19,80
2017-08-20,79
2017-08-21,81
2017-08-22,81
2017-08-23,78
2017-08-24,75
2017-08-25,72
2017-08-26,71
2017-08-27,70
2017-08-28,70
2017-08-29,67
2017-08-30,67
2017-08-31,74
2017-09-01,65
2017-09-02,63
2017-09-03,63
2017-09-04,71
2017-09-05,76
2017-09-06,70
2017-09-07,65
2017-09-08,67
2017-09-09,64
2017-09-10,65
2017-09-11,68
2017-09-12,72
2017-09-13,74
2017-09-14,75
2017-09-15,77
2017-09-16,74
2017-09-17,73
2017-09-18,71
2017-09-19,72
2017-09-20,74
2017-09-21,76
2017-09-22,74
2017-09-23,76
2017-09-24,80
2017-09-25,78
2017-09-26,74
2017-09-27,75
2017-09-28,74
2017-09-29,63
2017-09-30,62
2017-10-01,59
2017-10-02,65
2017-10-03,64
2017-10-04,65
2017-10-05,73
2017-10-06,75
2017-10-07,72
2017-10-08,74
2017-10-09,74
2017-10-10,75
2017-10-11,71
2017-10-12,63
2017-10-13,59
2017-10-14,66
2017-10-15,70
2017-10-16,63
2017-10-17,52
2017-10-18,60
2017-10-19,65
2017-10-20,67
2017-10-21,68
2017-10-22,67
2017-10-23,67
2017-10-24,71
2017-10-25,65
2017-10-26,58
2017-10-27,56
2017-10-28,61
2017-10-29,64
2017-10-30,57
2017-10-31,54
2017-11-01,51
2017-11-02,63
2017-11-03,66
2017-11-04,53
2017-11-05,55
2017-11-06,63
2017-11-07,48
2017-11-08,43
2017-11-09,48
2017-11-10,44
2017-11-11,31
2017-11-12,40
2017-11-13,45
2017-11-14,43
2017-11-15,44
2017-11-16,52
2017-11-17,45
2017-11-18,44
2017-11-19,53
2017-11-20,43
2017-11-21,49
2017-11-22,52
2017-11-23,39
2017-11-24,43
2017-11-25,49
2017-11-26,49
2017-11-27,45
2017-11-28,44
2017-11-29,54
2017-11-30,44
2017-12-01,50
2017-12-02,44
2017-12-03,45
2017-12-04,45
2017-12-05,54
2017-12-06,50
2017-12-07,43
2017-12-08,39
2017-12-09,35
2017-12-10,35
2017-12-11,38
2017-12-12,44
2017-12-13,29
2017-12-14,28
2017-12-15,26
2017-12-16,31
2017-12-17,36
2017-12-18,38
2017-12-19,50
2017-12-20,48
2017-12-21,37
2017-12-22,40
2017-12-23,41
2017-12-24,40
2017-12-25,36
2017-12-26,27
2017-12-27,23
2017-12-28,17
2017-12-29,15
2017-12-30,20
2017-12-31,18
2018-01-01,13
2018-01-02,18
2018-01-03,23
2018-01-04,26
2018-01-05,17
2018-01-06,12
2018-01-07,11
2018-01-08,22
2018-01-09,35
2018-01-10,34
2018-01-11,40
2018-01-12,48
2018-01-13,42
2018-01-14,20
2018-01-15,22
2018-01-16,28
2018-01-17,34
2018-01-18,26
2018-01-19,31
2018-01-20,43
2018-01-21,46
2018-01-22,42
2018-01-23,45
2018-01-24,43
2018-01-25,29
2018-01-26,32
2018-01-27,42
2018-01-28,50
2018-01-29,43
2018-01-30,34
2018-01-31,26
2018-02-01,37
2018-02-02,33
2018-02-03,22
2018-02-04,35
2018-02-05,37
2018-02-06,32
2018-02-07,33
2018-02-08,33
2018-02-09,31
2018-02-10,42
2018-02-11,46
2018-02-12,48
2018-02-13,33
2018-02-14,40
2018-02-15,51
2018-02-16,56
2018-02-17,36
2018-02-18,38
2018-02-19,42
2018-02-20,54
2018-02-21,62
2018-02-22,51
2018-02-23,38
2018-02-24,47
2018-02-25,42
2018-02-26,46
2018-02-27,47
2018-02-28,49
2018-03-01,54
2018-03-02,42
2018-03-03,41
2018-03-04,42
2018-03-05,38
2018-03-06,40
2018-03-07,37
2018-03-08,37
2018-03-09,37
2018-03-10,37
2018-03-11,39
2018-03-12,38
2018-03-13,37
2018-03-14,37
2018-03-15,39
2018-03-16,38
2018-03-17,36
2018-03-18,37
2018-03-19,40
2018-03-20,36
2018-03-21,36
2018-03-22,40
2018-03-23,43
2018-03-24,43
2018-03-25,40
2018-03-26,40
2018-03-27,39
2018-03-28,44
2018-03-29,50
2018-03-30,50
2018-03-31,47
2018-04-01,50
2018-04-02,40
2018-04-03,41
2018-04-04,46
2018-04-05,42
2018-04-06,45
2018-04-07,46
2018-04-08,39
2018-04-09,39
2018-04-10,43
2018-04-11,44
2018-04-12,51
2018-04-13,65
2018-04-14,62
2018-04-15,44
2018-04-16,47
2018-04-17,46
2018-04-18,45
2018-04-19,46
2018-04-20,43
2018-04-21,49
2018-04-22,55
2018-04-23,53
2018-04-24,55
2018-04-25,56
2018-04-26,60
2018-04-27,54
2018-04-28,57
2018-04-29,54
2018-04-30,49
2018-05-01,60
2018-05-02,77
2018-05-03,82
2018-05-04,76
2018-05-05,70
2018-05-06,63
2018-05-07,62
2018-05-08,62
2018-05-09,63
2018-05-10,59
2018-05-11,65
2018-05-12,59
2018-05-13,54
2018-05-14,58
2018-05-15,69
2018-05-16,63
2018-05-17,60
2018-05-18,65
2018-05-19,54
2018-05-20,67
2018-05-21,69
2018-05-22,65
2018-05-23,66
2018-05-24,74
2018-05-25,78
2018-05-26,82
2018-05-27,69
2018-05-28,60
2018-05-29,72
2018-05-30,69
2018-05-31,64
2018-06-01,69
2018-06-02,78
2018-06-03,66
2018-06-04,59
2018-06-05,68
2018-06-06,65
2018-06-07,64
2018-06-08,70
2018-06-09,76
2018-06-10,70
2018-06-11,65
2018-06-12,66
2018-06-13,69
2018-06-14,78
2018-06-15,72
2018-06-16,75
2018-06-17,79
2018-06-18,82
2018-06-19,83
2018-06-20,76
2018-06-21,75
2018-06-22,72
2018-06-23,65
2018-06-24,72
2018-06-25,76
2018-06-26,72
2018-06-27,71
2018-06-28,75
2018-06-29,81
2018-06-30,85
2018-07-01,88
2018-07-02,87
2018-07-03,83
2018-07-04,82
2018-07-05,83
2018-07-06,81
2018-07-07,72
2018-07-08,73
2018-07-09,78
2018-07-10,83
2018-07-11,82
2018-07-12,77
2018-07-13,78
2018-07-14,80
2018-07-15,79
2018-07-16,84
2018-07-17,82
2018-07-18,77
2018-07-19,76
2018-07-20,76
2018-07-21,74
2018-07-22,76
2018-07-23,80
2018-07-24,81
2018-07-25,78
2018-07-26,79
2018-07-27,83
2018-07-28,78
2018-07-29,79
2018-07-30,78
2018-07-31,76
2018-08-01,80
2018-08-02,84
2018-08-03,81
2018-08-04,80
2018-08-05,85
2018-08-06,87
2018-08-07,86
2018-08-08,83
2018-08-09,84
2018-08-10,83
2018-08-11,77
2018-08-12,77
2018-08-13,75
2018-08-14,76
2018-08-15,79
2018-08-16,85
2018-08-17,86
2018-08-18,81
2018-08-19,73
2018-08-20,72
2018-08-21,73
2018-08-22,78
2018-08-23,74
2018-08-24,77
2018-08-25,76
2018-08-26,77
2018-08-27,83
2018-08-28,89
2018-08-29,91
2018-08-30,87
2018-08-31,78
2018-09-01,74
2018-09-02,76
2018-09-03,82
2018-09-04,86
2018-09-05,85
2018-09-06,85
2018-09-07,76
2018-09-08,70
2018-09-09,63
2018-09-10,62
2018-09-11,68
2018-09-12,74
2018-09-13,73
2018-09-14,73
2018-09-15,74
2018-09-16,76
2018-09-17,75
2018-09-18,77
2018-09-19,76
2018-09-20,69
2018-09-21,71
2018-09-22,73
2018-09-23,65
2018-09-24,65
2018-09-25,66
2018-09-26,76
2018-09-27,70
2018-09-28,63
2018-09-29,66
2018-09-30,65
2018-10-01,70
2018-10-02,73
2018-10-03,71
2018-10-04,70
2018-10-05,69
2018-10-06,66
2018-10-07,73
2018-10-08,70
2018-10-09,71
2018-10-10,75
2018-10-11,74
2018-10-12,65
2018-10-13,54
2018-10-14,55
2018-10-15,60
2018-10-16,58
2018-10-17,56
2018-10-18,49
2018-10-19,52
2018-10-20,59
2018-10-21,51
2018-10-22,47
2018-10-23,55
2018-10-24,52
2018-10-25,48
2018-10-26,45
2018-10-27,49
2018-10-28,50
2018-10-29,53
2018-10-30,50
2018-10-31,55
2018-11-01,62
2018-11-02,65
2018-11-03,60
2018-11-04,51
2018-11-05,51
2018-11-06,54
2018-11-07,59
2018-11-08,54
2018-11-09,48
2018-11-10,48
2018-11-11,41
2018-11-12,44
2018-11-13,48
2018-11-14,40
2018-11-15,33
2018-11-16,41
2018-11-17,44
2018-11-18,43
2018-11-19,46
2018-11-20,46
2018-11-21,42
2018-11-22,27
2018-11-23,23
2018-11-24,36
2018-11-25,50
2018-11-26,49
2018-11-27,45
2018-11-28,40
2018-11-29,43
2018-11-30,41
2018-12-01,42
2018-12-02,46
2018-12-03,54
2018-12-04,42
2018-12-05,33
2018-12-06,36
2018-12-07,38
2018-12-08,31
2018-12-09,33
2018-12-10,35
2018-12-11,35
2018-12-12,37
2018-12-13,36
2018-12-14,43
2018-12-15,48
2018-12-16,42
2018-12-17,41
2018-12-18,36
2018-12-19,33
2018-12-20,40
2018-12-21,54
2018-12-22,49
2018-12-23,40
2018-12-24,39
2018-12-25,38
2018-12-26,37
2018-12-27,41
2018-12-28,47
2018-12-29,52
2018-12-30,38
2018-12-31,40
2019-01-01,51
2019-01-02,39
2019-01-03,41
2019-01-04,41
2019-01-05,44
2019-01-06,45
2019-01-07,31
2019-01-08,40
2019-01-09,44
2019-01-10,35
2019-01-11,28
2019-01-12,26
2019-01-13,30
2019-01-14,28
2019-01-15,30
2019-01-16,34
2019-01-17,31
2019-01-18,33
2019-01-19,36
2019-01-20,35
2019-01-21,13
2019-01-22,19
2019-01-23,34
2019-01-24,50
2019-01-25,37
2019-01-26,30
2019-01-27,38
2019-01-28,33
2019-01-29,32
2019-01-30,30
2019-01-31,9
2019-02-01,16
2019-02-02,24
2019-02-03,39
2019-02-04,46
2019-02-05,49
2019-02-06,42
2019-02-07,41
2019-02-08,45
2019-02-09,31
2019-02-10,29
2019-02-11,34
2019-02-12,31
2019-02-13,37
2019-02-14,37
2019-02-15,46
2019-02-16,42
2019-02-17,32
2019-02-18,36
2019-02-19,29
2019-02-20,29
2019-02-21,38
2019-02-22,42
2019-02-23,36
2019-02-24,39
2019-02-25,41
2019-02-26,30
2019-02-27,26
2019-02-28,30
2019-03-01,30
2019-03-02,34
2019-03-03,38
2019-03-04,34
2019-03-05,27
2019-03-06,24
2019-03-07,24
2019-03-08,30
2019-03-09,39
2019-03-10,38
2019-03-11,45
2019-03-12,40
2019-03-13,38
2019-03-14,46
2019-03-15,55
2019-03-16,51
2019-03-17,39
2019-03-18,38
2019-03-19,42
2019-03-20,44
2019-03-21,42
2019-03-22,43
2019-03-23,41
2019-03-24,47
2019-03-25,53
2019-03-26,42
2019-03-27,40
2019-03-28,42
2019-03-29,51
2019-03-30,55
2019-03-31,52
2019-04-01,40
2019-04-02,43
2019-04-03,50
2019-04-04,52
2019-04-05,42
2019-04-06,47
2019-04-07,56
2019-04-08,62
2019-04-09,47
2019-04-10,51
2019-04-11,45
2019-04-12,51
2019-04-13,63
2019-04-14,63
2019-04-15,56
2019-04-16,51
2019-04-17,53
2019-04-18,54
2019-04-19,62
2019-04-20,60
2019-04-21,56
2019-04-22,55
2019-04-23,61
2019-04-24,64
2019-04-25,56
2019-04-26,53
2019-04-27,55
2019-04-28,50
2019-04-29,50
2019-04-30,51
2019-05-01,52
2019-05-02,55
2019-05-03,51
2019-05-04,55
2019-05-05,53
2019-05-06,55
2019-05-07,57
2019-05-08,60
2019-05-09,56
2019-05-10,62
2019-05-11,65
2019-05-12,53
2019-05-13,46
2019-05-14,47
2019-05-15,54
2019-05-16,63
2019-05-17,69
2019-05-18,67
2019-05-19,66
2019-05-20,76
2019-05-21,68
2019-05-22,65
2019-05-23,67
2019-05-24,70
2019-05-25,64
2019-05-26,72
2019-05-27,74
2019-05-28,68
2019-05-29,63
2019-05-30,60
2019-05-31,70
2019-06-01,71
2019-06-02,71
2019-06-03,67
2019-06-04,64
2019-06-05,72
2019-06-06,76
2019-06-07,72
2019-06-08,71
2019-06-09,68
2019-06-10,63
2019-06-11,69
2019-06-12,68
2019-06-13,63
2019-06-14,65
2019-06-15,73
2019-06-16,75
2019-06-17,74
2019-06-18,71
2019-06-19,68
2019-06-20,67
2019-06-21,71
2019-06-22,72
2019-06-23,75
2019-06-24,79
2019-06-25,77
2019-06-26,79
2019-06-27,82
2019-06-28,83
2019-06-29,83
2019-06-30,78
2019-07-01,76
2019-07-02,81
2019-07-03,81
2019-07-04,82
2019-07-05,78
2019-07-06,83
2019-07-07,79
2019-07-08,74
2019-07-09,80
2019-07-10,83
2019-07-11,81
2019-07-12,79
2019-07-13,79
2019-07-14,85
2019-07-15,80
2019-07-16,83
2019-07-17,87
2019-07-18,76
2019-07-19,79
2019-07-20,91
2019-07-21,92
2019-07-22,84
2019-07-23,73
2019-07-24,75
2019-07-25,78
2019-07-26,80
2019-07-27,80
2019-07-28,83
2019-07-29,85
2019-07-30,88
2019-07-31,82
2019-08-01,79
2019-08-02,79
2019-08-03,80
2019-08-04,79
2019-08-05,77
2019-08-06,76
2019-08-07,78
2019-08-08,77
2019-08-09,77
2019-08-10,77
2019-08-11,75
2019-08-12,80
2019-08-13,78
2019-08-14,76
2019-08-15,76
2019-08-16,74
2019-08-17,78
2019-08-18,80
2019-08-19,81
2019-08-20,82
2019-08-21,82
2019-08-22,83
2019-08-23,73
2019-08-24,71
2019-08-25,71
2019-08-26,67
2019-08-27,70
2019-08-28,70
2019-08-29,75
2019-08-30,78
2019-08-31,78
2019-09-01,72
2019-09-02,73
2019-09-03,75
2019-09-04,77
2019-09-05,72
2019-09-06,67
2019-09-07,66
2019-09-08,72
2019-09-09,71
2019-09-10,72
2019-09-11,78
2019-09-12,79
2019-09-13,65
2019-09-14,69
2019-09-15,76
2019-09-16,74
2019-09-17,71
2019-09-18,66
2019-09-19,62
2019-09-20,68
2019-09-21,74
2019-09-22,76
2019-09-23,80
2019-09-24,75
2019-09-25,70
2019-09-26,72
2019-09-27,69
2019-09-28,72
2019-09-29,75
2019-09-30,66
2019-10-01,70
2019-10-02,80
2019-10-03,61
2019-10-04,61
2019-10-05,53
2019-10-06,63
2019-10-07,72
2019-10-08,62
2019-10-09,58
2019-10-10,59
2019-10-11,60
2019-10-12,60
2019-10-13,62
2019-10-14,64
2019-10-15,61
2019-10-16,60
2019-10-17,57
2019-10-18,55
2019-10-19,53
2019-10-20,56
2019-10-21,58
2019-10-22,58
2019-10-23,62
2019-10-24,59
2019-10-25,59
2019-10-26,60
2019-10-27,61
2019-10-28,59
2019-10-29,55
2019-10-30,58
2019-10-31,62
2019-11-01,54
2019-11-02,45
2019-11-03,48
2019-11-04,49
2019-11-05,56
2019-11-06,53
2019-11-07,53
2019-11-08,40
2019-11-09,35
2019-11-10,44
2019-11-11,53
2019-11-12,48
2019-11-13,29
2019-11-14,35
2019-11-15,45
2019-11-16,41
2019-11-17,37
2019-11-18,40
2019-11-19,44
2019-11-20,44
2019-11-21,45
2019-11-22,50
2019-11-23,41
2019-11-24,44
2019-11-25,46
2019-11-26,51
2019-11-27,53
2019-11-28,51
2019-11-29,38
2019-11-30,37
2019-12-01,34
2019-12-02,37
2019-12-03,34
2019-12-04,37
2019-12-05,40
2019-12-06,41
2019-12-07,38
2019-12-08,34
2019-12-09,47
2019-12-10,56
2019-12-11,39
2019-12-12,33
2019-12-13,38
2019-12-14,50
2019-12-15,46
2019-12-16,37
2019-12-17,35
2019-12-18,35
2019-12-19,23
2019-12-20,27
2019-12-21,28
2019-12-22,37
2019-12-23,46
2019-12-24,46
2019-12-25,38
2019-12-26,38
2019-12-27,48
2019-12-28,49
2019-12-29,42
2019-12-30,41
2019-12-31,40
2020-01-01,40
2020-01-02,40
2020-01-03,47
2020-01-04,47
2020-01-05,40
2020-01-06,37
2020-01-07,41
2020-01-08,36
2020-01-09,29
2020-01-10,40
2020-01-11,55
2020-01-12,60
2020-01-13,43
2020-01-14,41
2020-01-15,44
2020-01-16,45
2020-01-17,29
2020-01-18,24
2020-01-19,39
2020-01-20,27
2020-01-21,26
2020-01-22,31
2020-01-23,38
2020-01-24,41
2020-01-25,41
2020-01-26,43
2020-01-27,40
2020-01-28,40
2020-01-29,36
2020-01-30,31
2020-01-31,36
2020-02-01,39
2020-02-02,39
2020-02-03,44
2020-02-04,46
2020-02-05,44
2020-02-06,38
2020-02-07,40
2020-02-08,34
2020-02-09,35
2020-02-10,43
2020-02-11,44
2020-02-12,42
2020-02-13,39
2020-02-14,35
2020-02-15,22
2020-02-16,34
2020-02-17,43
2020-02-18,41
2020-02-19,44
2020-02-20,33
2020-02-21,28
2020-02-22,38
2020-02-23,47
2020-02-24,49
2020-02-25,49
2020-02-26,45
2020-02-27,43
2020-02-28,35
2020-02-29,34
2020-03-01,32
2020-03-02,45
2020-03-03,53
2020-03-04,51
2020-03-05,46
2020-03-06,42
2020-03-07,41
2020-03-08,45
2020-03-09,58
2020-03-10,61
2020-03-11,53
2020-03-12,46
2020-03-13,53
2020-03-14,51
2020-03-15,47
2020-03-16,40
2020-03-17,45
2020-03-18,49
2020-03-19,46
2020-03-20,55
2020-03-21,54
2020-03-22,40
2020-03-23,39
2020-03-24,43
2020-03-25,44
2020-03-26,46
2020-03-27,56
2020-03-28,49
2020-03-29,45
2020-03-30,46
2020-03-31,45
2020-04-01,45
2020-04-02,49
2020-04-03,50
2020-04-04,52
2020-04-05,52
2020-04-06,55
2020-04-07,58
2020-04-08,55
2020-04-09,52
2020-04-10,45
2020-04-11,46
2020-04-12,53
2020-04-13,57
2020-04-14,56
2020-04-15,49
2020-04-16,47
2020-04-17,44
2020-04-18,44
2020-04-19,50
2020-04-20,54
2020-04-21,52
2020-04-22,44
2020-04-23,45
2020-04-24,47
2020-04-25,52
2020-04-26,49
2020-04-27,45
2020-04-28,51
2020-04-29,51
2020-04-30,55
2020-05-01,58
2020-05-02,62
2020-05-03,67
2020-05-04,67
2020-05-05,54
2020-05-06,52
2020-05-07,55
2020-05-08,53
2020-05-09,42
2020-05-10,50
2020-05-11,56
2020-05-12,51
2020-05-13,52
2020-05-14,57
2020-05-15,70
2020-05-16,72
2020-05-17,61
2020-05-18,59
2020-05-19,60
2020-05-20,57
2020-05-21,56
2020-05-22,64
2020-05-23,63
2020-05-24,59
2020-05-25,60
2020-05-26,65
2020-05-27,67
2020-05-28,68
2020-05-29,72
2020-05-30,73
2020-05-31,67
2020-06-01,62
2020-06-02,68
2020-06-03,73
2020-06-04,77
2020-06-05,75
2020-06-06,77
2020-06-07,73
2020-06-08,71
2020-06-09,79
2020-06-10,78
2020-06-11,74
2020-06-12,78
2020-06-13,71
2020-06-14,65
2020-06-15,68
2020-06-16,70
2020-06-17,70
2020-06-18,70
2020-06-19,74
2020-06-20,78
2020-06-21,79
2020-06-22,82
2020-06-23,81
2020-06-24,80
2020-06-25,81
2020-06-26,80
2020-06-27,80
2020-06-28,82
2020-06-29,79
2020-06-30,74
2020-07-01,74
2020-07-02,80
2020-07-03,84
2020-07-04,76
2020-07-05,81
2020-07-06,84
2020-07-07,75
2020-07-08,81
2020-07-09,83
2020-07-10,77
2020-07-11,80
2020-07-12,82
2020-07-13,83
2020-07-14,81
2020-07-15,77
2020-07-16,75
2020-07-17,76
2020-07-18,83
2020-07-19,87
2020-07-20,89
2020-07-21,87
2020-07-22,85
2020-07-23,81
2020-07-24,80
2020-07-25,82
2020-07-26,87
2020-07-27,90
2020-07-28,90
2020-07-29,85
2020-07-30,87
2020-07-31,78
2020-08-01,81
2020-08-02,82
2020-08-03,86
2020-08-04,79
2020-08-05,82
2020-08-06,79
2020-08-07,76
2020-08-08,77
2020-08-09,80
2020-08-10,85
2020-08-11,85
2020-08-12,83
2020-08-13,79
2020-08-14,79
2020-08-15,78
2020-08-16,72
2020-08-17,73
2020-08-18,75
2020-08-19,74
2020-08-20,74
2020-08-21,78
2020-08-22,82
2020-08-23,82
2020-08-24,84
2020-08-25,85
2020-08-26,76
2020-08-27,80
2020-08-28,80
2020-08-29,78
2020-08-30,76
2020-08-31,72
2020-09-01,74
2020-09-02,75
2020-09-03,80
2020-09-04,79
2020-09-05,76
2020-09-06,76
2020-09-07,75
2020-09-08,76
2020-09-09,75
2020-09-10,78
2020-09-11,76
2020-09-12,68
2020-09-13,70
2020-09-14,74
2020-09-15,62
2020-09-16,66
2020-09-17,71
2020-09-18,69
2020-09-19,59
2020-09-20,59
2020-09-21,59
2020-09-22,63
2020-09-23,70
2020-09-24,73
2020-09-25,71
2020-09-26,71
2020-09-27,73
2020-09-28,74
2020-09-29,72
2020-09-30,69
2020-10-01,67
2020-10-02,64
2020-10-03,62
2020-10-04,61
2020-10-05,62
2020-10-06,64
2020-10-07,68
2020-10-08,62
2020-10-09,61
2020-10-10,66
2020-10-11,67
2020-10-12,56
2020-10-13,57
2020-10-14,61
2020-10-15,65
2020-10-16,61
2020-10-17,54
2020-10-18,57
2020-10-19,59
2020-10-20,64
2020-10-21,65
2020-10-22,67
2020-10-23,66
2020-10-24,65
2020-10-25,51
2020-10-26,55
2020-10-27,58
2020-10-28,56
2020-10-29,55
2020-10-30,44
2020-10-31,40
2020-11-01,50
2020-11-02,45
2020-11-03,47
2020-11-04,51
2020-11-05,59
2020-11-06,62
2020-11-07,66
2020-11-08,66
2020-11-09,63
2020-11-10,65
2020-11-11,66
2020-11-12,61
2020-11-13,50
2020-11-14,51
2020-11-15,50
2020-11-16,54
2020-11-17,49
2020-11-18,38
2020-11-19,39
2020-11-20,53
2020-11-21,59
2020-11-22,50
2020-11-23,56
2020-11-24,46
2020-11-25,50
2020-11-26,59
2020-11-27,59
2020-11-28,54
2020-11-29,49
2020-11-30,56
2020-12-01,56
2020-12-02,42
2020-12-03,43
2020-12-04,50
2020-12-05,46
2020-12-06,41
2020-12-07,37
2020-12-08,35
2020-12-09,36
2020-12-10,44
2020-12-11,47
2020-12-12,50
2020-12-13,56
2020-12-14,44
2020-12-15,38
2020-12-16,31
2020-12-17,30
2020-12-18,30
2020-12-19,29
2020-12-20,35
2020-12-21,41
2020-12-22,43
2020-12-23,42
2020-12-24,50
2020-12-25,56
2020-12-26,31
2020-12-27,32
2020-12-28,43
2020-12-29,42
2020-12-30,35
2020-12-31,46
2021-01-01,38
2021-01-02,43
2021-01-03,39
2021-01-04,40
2021-01-05,40
2021-01-06,40
2021-01-07,38
2021-01-08,34
2021-01-09,33
2021-01-10,36
2021-01-11,34
2021-01-12,39
2021-01-13,40
2021-01-14,44
2021-01-15,42
2021-01-16,45
2021-01-17,42
2021-01-18,44
2021-01-19,40
2021-01-20,39
2021-01-21,34
2021-01-22,43
2021-01-23,35
2021-01-24,29
2021-01-25,31
2021-01-26,35
2021-01-27,36
2021-01-28,33
2021-01-29,23
2021-01-30,24
2021-01-31,25
2021-02-01,28
2021-02-02,33
2021-02-03,33
2021-02-04,36
2021-02-05,41
2021-02-06,41
2021-02-07,36
2021-02-08,26
2021-02-09,30
2021-02-10,31
2021-02-11,30
2021-02-12,27
2021-02-13,28
2021-02-14,32
2021-02-15,34
2021-02-16,40
2021-02-17,31
2021-02-18,29
2021-02-19,30
2021-02-20,33
2021-02-21,31
2021-02-22,35
2021-02-23,40
2021-02-24,46
2021-02-25,47
2021-02-26,41
2021-02-27,43
2021-02-28,43
2021-03-01,43
2021-03-02,31
2021-03-03,40
2021-03-04,43
2021-03-05,31
2021-03-06,34
2021-03-07,33
2021-03-08,35
2021-03-09,49
2021-03-10,47
2021-03-11,53
2021-03-12,61
2021-03-13,46
2021-03-14,47
2021-03-15,32
2021-03-16,33
2021-03-17,39
2021-03-18,44
2021-03-19,39
2021-03-20,44
2021-03-21,49
2021-03-22,48
2021-03-23,48
2021-03-24,48
2021-03-25,53
2021-03-26,61
2021-03-27,58
2021-03-28,52
2021-03-29,51
2021-03-30,50
2021-03-31,55
2021-04-01,49
2021-04-02,36
2021-04-03,41
2021-04-04,51
2021-04-05,57
2021-04-06,57
2021-04-07,59
2021-04-08,57
2021-04-09,53
2021-04-10,56
2021-04-11,54
2021-04-12,48
2021-04-13,52
2021-04-14,59
2021-04-15,54
2021-04-16,47
2021-04-17,48
2021-04-18,54
2021-04-19,58
2021-04-20,62
2021-04-21,58
2021-04-22,42
2021-04-23,50
2021-04-24,61
2021-04-25,56
2021-04-26,53
2021-04-27,55
2021-04-28,60
2021-04-29,65
2021-04-30,66
2021-05-01,53
2021-05-02,67
2021-05-03,60
2021-05-04,58
2021-05-05,55
2021-05-06,58
2021-05-07,58
2021-05-08,53
2021-05-09,54
2021-05-10,53
2021-05-11,58
2021-05-12,57
2021-05-13,62
2021-05-14,66
2021-05-15,68
2021-05-16,69
2021-05-17,68
2021-05-18,72
2021-05-19,77
2021-05-20,69
2021-05-21,67
2021-05-22,73
2021-05-23,80
2021-05-24,67
2021-05-25,64
2021-05-26,73
2021-05-27,75
2021-05-28,64
2021-05-29,51
2021-05-30,50
2021-05-31,56
2021-06-01,66
2021-06-02,69
2021-06-03,65
2021-06-04,71
2021-06-05,78
2021-06-06,87
2021-06-07,84
2021-06-08,80
2021-06-09,80
2021-06-10,78
2021-06-11,65
2021-06-12,66
2021-06-13,68
2021-06-14,69
2021-06-15,73
2021-06-16,70
2021-06-17,70
2021-06-18,76
2021-06-19,79
2021-06-20,77
2021-06-21,80
2021-06-22,74
2021-06-23,66
2021-06-24,70
2021-06-25,70
2021-06-26,76
2021-06-27,80
2021-06-28,85
2021-06-29,89
2021-06-30,91
2021-07-01,80
2021-07-02,74
2021-07-03,64
2021-07-04,68
2021-07-05,74
2021-07-06,84
2021-07-07,82
2021-07-08,79
2021-07-09,77
2021-07-10,76
2021-07-11,75
2021-07-12,77
2021-07-13,71
2021-07-14,76
2021-07-15,82
2021-07-16,87
2021-07-17,84
2021-07-18,79
2021-07-19,76
2021-07-20,81
2021-07-21,80
2021-07-22,76
2021-07-23,76
2021-07-24,76
2021-07-25,77
2021-07-26,82
2021-07-27,83
2021-07-28,77
2021-07-29,76
2021-07-30,77
2021-07-31,71
2021-08-01,74
2021-08-02,72
2021-08-03,74
2021-08-04,73
2021-08-05,73
2021-08-06,79
2021-08-07,81
2021-08-08,74
2021-08-09,74
2021-08-10,77
2021-08-11,81
2021-08-12,85
2021-08-13,88
2021-08-14,87
2021-08-15,78
2021-08-16,76
2021-08-17,77
2021-08-18,78
2021-08-19,82
2021-08-20,80
2021-08-21,79
2021-08-22,75
2021-08-23,77
2021-08-24,82
2021-08-25,84
2021-08-26,87
2021-08-27,85
2021-08-28,77
2021-08-29,71
2021-08-30,78
2021-08-31,81
2021-09-01,76
2021-09-02,69
2021-09-03,69
2021-09-04,72
2021-09-05,73
2021-09-06,76
2021-09-07,75
2021-09-08,77
2021-09-09,72
2021-09-10,71
2021-09-11,72
2021-09-12,75
2021-09-13,81
2021-09-14,75
2021-09-15,78
2021-09-16,75
2021-09-17,73
2021-09-18,76
2021-09-19,74
2021-09-20,71
2021-09-21,70
2021-09-22,74
2021-09-23,78
2021-09-24,68
2021-09-25,69
2021-09-26,69
2021-09-27,72
2021-09-28,72
2021-09-29,64
2021-09-30,63
2021-10-01,61
2021-10-02,67
2021-10-03,72
2021-10-04,71
2021-10-05,63
2021-10-06,65
2021-10-07,69
2021-10-08,69
2021-10-09,66
2021-10-10,65
2021-10-11,67
2021-10-12,67
2021-10-13,68
2021-10-14,71
2021-10-15,72
2021-10-16,72
2021-10-17,60
2021-10-18,56
2021-10-19,57
2021-10-20,68
2021-10-21,70
2021-10-22,67
2021-10-23,58
2021-10-24,56
2021-10-25,65
2021-10-26,63
2021-10-27,59
2021-10-28,55
2021-10-29,54
2021-10-30,60
2021-10-31,61
2021-11-01,59
2021-11-02,54
2021-11-03,49
2021-11-04,47
2021-11-05,48
2021-11-06,49
2021-11-07,49
2021-11-08,56
2021-11-09,60
2021-11-10,62
2021-11-11,54
2021-11-12,63
2021-11-13,55
2021-11-14,45
2021-11-15,46
2021-11-16,45
2021-11-17,49
2021-11-18,59
2021-11-19,50
2021-11-20,43
2021-11-21,50
2021-11-22,52
2021-11-23,39
2021-11-24,38
2021-11-25,47
2021-11-26,48
2021-11-27,39
2021-11-28,37
2021-11-29,42
2021-11-30,38
2021-12-01,45
2021-12-02,52
2021-12-03,49
2021-12-04,43
2021-12-05,45
2021-12-06,51
2021-12-07,45
2021-12-08,40
2021-12-09,37
2021-12-10,44
2021-12-11,51
2021-12-12,51
2021-12-13,47
2021-12-14,50
2021-12-15,47
2021-12-16,56
2021-12-17,59
2021-12-18,46
2021-12-19,42
2021-12-20,32
2021-12-21,37
2021-12-22,43
2021-12-23,35
2021-12-24,35
2021-12-25,40
2021-12-26,48
2021-12-27,39
2021-12-28,41
2021-12-29,43
2021-12-30,45
2021-12-31,50
2022-01-01,53
2022-01-02,53
2022-01-03,35
2022-01-04,27
2022-01-05,38
2022-01-06,41
2022-01-07,33
2022-01-08,27
2022-01-09,35
2022-01-10,35
2022-01-11,22
2022-01-12,29
2022-01-13,39
2022-01-14,41
2022-01-15,20
2022-01-16,18
2022-01-17,39
2022-01-18,35
2022-01-19,38
2022-01-20,41
2022-01-21,21
2022-01-22,21
2022-01-23,31
2022-01-24,32
2022-01-25,38
2022-01-26,28
2022-01-27,24
2022-01-28,32
2022-01-29,23
2022-01-30,19
2022-01-31,26
2022-02-01,29
2022-02-02,36
2022-02-03,44
2022-02-04,42
2022-02-05,27
2022-02-06,23
2022-02-07,33
2022-02-08,39
2022-02-09,37
2022-02-10,43
2022-02-11,47
2022-02-12,53
2022-02-13,37
2022-02-14,24
2022-02-15,24
2022-02-16,35
2022-02-17,53
2022-02-18,50
2022-02-19,32
2022-02-20,27
2022-02-21,39
2022-02-22,42
2022-02-23,58
2022-02-24,34
2022-02-25,33
2022-02-26,30
2022-02-27,36
2022-02-28,33
2022-03-01,37
2022-03-02,46
2022-03-03,42
2022-03-04,29
2022-03-05,38
2022-03-06,49
2022-03-07,65
2022-03-08,48
2022-03-09,38
2022-03-10,39
2022-03-11,45
2022-03-12,41
2022-03-13,28
2022-03-14,42
2022-03-15,53
2022-03-16,56
2022-03-17,47
2022-03-18,57
2022-03-19,56
2022-03-20,58
2022-03-21,51
2022-03-22,51
2022-03-23,45
2022-03-24,42
2022-03-25,49
2022-03-26,51
2022-03-27,43
2022-03-28,29
2022-03-29,30
2022-03-30,37
2022-03-31,50
2022-04-01,56
2022-04-02,45
2022-04-03,45
2022-04-04,46
2022-04-05,49
2022-04-06,47
2022-04-07,48
2022-04-08,55
2022-04-09,53
2022-04-10,47
2022-04-11,48
2022-04-12,56
2022-04-13,60
2022-04-14,61
2022-04-15,60
2022-04-16,60
2022-04-17,47
2022-04-18,46
2022-04-19,46
2022-04-20,49
2022-04-21,51
2022-04-22,58
2022-04-23,56
2022-04-24,55
2022-04-25,51
2022-04-26,53
2022-04-27,53
2022-04-28,47
2022-04-29,51
2022-04-30,55
2022-05-01,56
2022-05-02,54
2022-05-03,54
2022-05-04,54
2022-05-05,63
2022-05-06,59
2022-05-07,50
2022-05-08,51
2022-05-09,56
2022-05-10,60
2022-05-11,61
2022-05-12,63
2022-05-13,61
2022-05-14,64
2022-05-15,66
2022-05-16,69
2022-05-17,67
2022-05-18,64
2022-05-19,60
2022-05-20,60
2022-05-21,70
2022-05-22,82
2022-05-23,70
2022-05-24,63
2022-05-25,61
2022-05-26,62
2022-05-27,68
2022-05-28,69
2022-05-29,69
2022-05-30,74
2022-05-31,83
2022-06-01,64
2022-06-02,69
2022-06-03,67
2022-06-04,71
2022-06-05,68
2022-06-06,72
2022-06-07,71
2022-06-08,75
2022-06-09,76
2022-06-10,71
2022-06-11,71
2022-06-12,69
2022-06-13,76
2022-06-14,75
2022-06-15,74
2022-06-16,69
2022-06-17,77
2022-06-18,71
2022-06-19,63
2022-06-20,69
2022-06-21,72
2022-06-22,66
2022-06-23,67
2022-06-24,71
2022-06-25,78
2022-06-26,81
2022-06-27,76
2022-06-28,72
2022-06-29,75
2022-06-30,78
2022-07-01,83
2022-07-02,84
2022-07-03,80
2022-07-04,78
2022-07-05,79
2022-07-06,79
2022-07-07,76
2022-07-08,74
2022-07-09,76
2022-07-10,74
2022-07-11,75
2022-07-12,78
2022-07-13,84
2022-07-14,80
2022-07-15,79
2022-07-16,76
2022-07-17,78
2022-07-18,79
2022-07-19,83
2022-07-20,88
2022-07-21,86
2022-07-22,88
2022-07-23,87
2022-07-24,88
2022-07-25,86
2022-07-26,79
2022-07-27,78
2022-07-28,80
2022-07-29,83
2022-07-30,80
2022-07-31,79
2022-08-01,74
2022-08-02,80
2022-08-03,82
2022-08-04,84
2022-08-05,85
2022-08-06,85
2022-08-07,85
2022-08-08,87
2022-08-09,88
2022-08-10,81
2022-08-11,80
2022-08-12,78
2022-08-13,74
2022-08-14,75
2022-08-15,76
2022-08-16,74
2022-08-17,74
2022-08-18,75
2022-08-19,79
2022-08-20,82
2022-08-21,78
2022-08-22,76
2022-08-23,79
2022-08-24,80
2022-08-25,83
2022-08-26,81
2022-08-27,82
2022-08-28,76
2022-08-29,79
2022-08-30,80
2022-08-31,78
2022-09-01,79
2022-09-02,71
2022-09-03,73
2022-09-04,78
2022-09-05,78
2022-09-06,74
2022-09-07,69
2022-09-08,71
2022-09-09,71
2022-09-10,74
2022-09-11,74
2022-09-12,72
2022-09-13,76
2022-09-14,73
2022-09-15,71
2022-09-16,67
2022-09-17,69
2022-09-18,74
2022-09-19,78
2022-09-20,74
2022-09-21,72
2022-09-22,71
2022-09-23,59
2022-09-24,58
2022-09-25,67
2022-09-26,67
2022-09-27,67
2022-09-28,63
2022-09-29,62
2022-09-30,58
2022-10-01,59
2022-10-02,59
2022-10-03,53
2022-10-04,51
2022-10-05,57
2022-10-06,64
2022-10-07,69
2022-10-08,57
2022-10-09,54
2022-10-10,60
2022-10-11,63
2022-10-12,64
2022-10-13,66
2022-10-14,60
2022-10-15,61
2022-10-16,61
2022-10-17,62
2022-10-18,55
2022-10-19,50
2022-10-20,52
2022-10-21,56
2022-10-22,58
2022-10-23,58
2022-10-24,57
2022-10-25,62
2022-10-26,65
2022-10-27,62
2022-10-28,52
2022-10-29,51
2022-10-30,54
2022-10-31,58
2022-11-01,62
2022-11-02,64
2022-11-03,60
2022-11-04,59
2022-11-05,67
2022-11-06,68
2022-11-07,70
2022-11-08,56
2022-11-09,48
2022-11-10,55
2022-11-11,62
2022-11-12,67
2022-11-13,55
2022-11-14,43
2022-11-15,41
2022-11-16,45
2022-11-17,42
2022-11-18,40
2022-11-19,37
2022-11-20,37
2022-11-21,34
2022-11-22,44
2022-11-23,49
2022-11-24,47
2022-11-25,50
2022-11-26,49
2022-11-27,51
2022-11-28,54
2022-11-29,42
2022-11-30,47
2022-12-01,42
2022-12-02,38
2022-12-03,51
2022-12-04,45
2022-12-05,42
2022-12-06,49
2022-12-07,57
2022-12-08,53
2022-12-09,42
2022-12-10,36
2022-12-11,38
2022-12-12,35
2022-12-13,33
2022-12-14,35
2022-12-15,37
2022-12-16,43
2022-12-17,41
2022-12-18,38
2022-12-19,35
2022-12-20,35
2022-12-21,34
2022-12-22,39
2022-12-23,45
2022-12-24,11
2022-12-25,20
2022-12-26,24
2022-12-27,31
2022-12-28,38
2022-12-29,44
2022-12-30,49
2022-12-31,47
2023-01-01,51
2023-01-02,51
2023-01-03,49
2023-01-04,57
2023-01-05,46
2023-01-06,44
2023-01-07,42
2023-01-08,38
2023-01-09,40
2023-01-10,40
2023-01-11,38
2023-01-12,41
2023-01-13,51
2023-01-14,36
2023-01-15,33
2023-01-16,36
2023-01-17,41
2023-01-18,47
2023-01-19,43
2023-01-20,44
2023-01-21,40
2023-01-22,39
2023-01-23,38
2023-01-24,39
2023-01-25,39
2023-01-26,48
2023-01-27,41
2023-01-28,42
2023-01-29,47
2023-01-30,48
2023-01-31,41
2023-02-01,33
2023-02-02,34
2023-02-03,29
2023-02-04,13
2023-02-05,33
2023-02-06,43
2023-02-07,36
2023-02-08,44
2023-02-09,45
2023-02-10,54
2023-02-11,43
2023-02-12,42
2023-02-13,46
2023-02-14,49
2023-02-15,51
2023-02-16,61
2023-02-17,54
2023-02-18,35
2023-02-19,42
2023-02-20,50
2023-02-21,44
2023-02-22,42
2023-02-23,39
2023-02-24,42
2023-02-25,27
2023-02-26,35
2023-02-27,39
2023-02-28,35
2023-03-01,39
2023-03-02,43
2023-03-03,42
2023-03-04,42
2023-03-05,44
2023-03-06,46
2023-03-07,42
2023-03-08,38
2023-03-09,41
2023-03-10,40
2023-03-11,41
2023-03-12,40
2023-03-13,42
2023-03-14,38
2023-03-15,38
2023-03-16,43
2023-03-17,52
2023-03-18,51
2023-03-19,38
2023-03-20,40
2023-03-21,50
2023-03-22,53
2023-03-23,52
2023-03-24,51
2023-03-25,45
2023-03-26,50
2023-03-27,52
2023-03-28,46
2023-03-29,47
2023-03-30,40
2023-03-31,45
2023-04-01,58
2023-04-02,49
2023-04-03,47
2023-04-04,56
2023-04-05,52
2023-04-06,54
2023-04-07,56
2023-04-08,45
2023-04-09,47
2023-04-10,51
2023-04-11,61
2023-04-12,71
2023-04-13,78
2023-04-14,79
2023-04-15,67
2023-04-16,59
2023-04-17,56
2023-04-18,55
2023-04-19,52
2023-04-20,53
2023-04-21,57
2023-04-22,55
2023-04-23,58
2023-04-24,54
2023-04-25,54
2023-04-26,53
2023-04-27,53
2023-04-28,52
2023-04-29,51
2023-04-30,53
2023-05-01,58
2023-05-02,53
2023-05-03,52
2023-05-04,51
2023-05-05,55
2023-05-06,60
2023-05-07,65
2023-05-08,67
2023-05-09,63
2023-05-10,60
2023-05-11,69
2023-05-12,77
2023-05-13,78
2023-05-14,68
2023-05-15,65
2023-05-16,71
2023-05-17,65
2023-05-18,53
2023-05-19,60
2023-05-20,60
2023-05-21,64
2023-05-22,66
2023-05-23,61
2023-05-24,63
2023-05-25,59
2023-05-26,64
2023-05-27,67
2023-05-28,68
2023-05-29,69
2023-05-30,62
2023-05-31,62
2023-06-01,71
2023-06-02,76
2023-06-03,67
2023-06-04,59
2023-06-05,65
2023-06-06,69
2023-06-07,65
2023-06-08,64
2023-06-09,66
2023-06-10,67
2023-06-11,73
2023-06-12,72
2023-06-13,71
2023-06-14,71
2023-06-15,69
2023-06-16,72
2023-06-17,68
2023-06-18,71
2023-06-19,72
2023-06-20,68
2023-06-21,66
2023-06-22,65
2023-06-23,67
2023-06-24,72
2023-06-25,74
2023-06-26,74
2023-06-27,73
2023-06-28,74
2023-06-29,74
2023-06-30,76
2023-07-01,76
2023-07-02,77
2023-07-03,81
2023-07-04,79
2023-07-05,80
2023-07-06,84
2023-07-07,80
2023-07-08,80
2023-07-09,79
2023-07-10,77
2023-07-11,80
2023-07-12,85
2023-07-13,84
2023-07-14,79
2023-07-15,79
2023-07-16,79
2023-07-17,81
2023-07-18,80
2023-07-19,78
2023-07-20,78
2023-07-21,79
2023-07-22,78
2023-07-23,79
2023-07-24,81
2023-07-25,78
2023-07-26,78
2023-07-27,84
2023-07-28,84
2023-07-29,85
2023-07-30,74
2023-07-31,76
2023-08-01,74
2023-08-02,72
2023-08-03,74
2023-08-04,74
2023-08-05,77
2023-08-06,78
2023-08-07,76
2023-08-08,76
2023-08-09,78
2023-08-10,77
2023-08-11,76
2023-08-12,77
2023-08-13,79
2023-08-14,81
2023-08-15,75
2023-08-16,74
2023-08-17,75
2023-08-18,77
2023-08-19,73
2023-08-20,78
2023-08-21,81
2023-08-22,76
2023-08-23,72
2023-08-24,72
2023-08-25,73
2023-08-26,77
2023-08-27,77
2023-08-28,74
2023-08-29,72
2023-08-30,77
2023-08-31,71
2023-09-01,69
2023-09-02,70
2023-09-03,77
2023-09-04,82
2023-09-05,83
2023-09-06,85
2023-09-07,87
2023-09-08,80
2023-09-09,78
2023-09-10,76
2023-09-11,75
2023-09-12,74
2023-09-13,76
2023-09-14,73
2023-09-15,65
2023-09-16,68
2023-09-17,70
2023-09-18,68
2023-09-19,67
2023-09-20,68
2023-09-21,67
2023-09-22,66
2023-09-23,62
2023-09-24,64
2023-09-25,62
2023-09-26,61
2023-09-27,60
2023-09-28,61
2023-09-29,61
2023-09-30,61
2023-10-01,67
2023-10-02,71
2023-10-03,71
2023-10-04,73
2023-10-05,70
2023-10-06,68
2023-10-07,67
2023-10-08,57
2023-10-09,56
2023-10-10,59
2023-10-11,63
2023-10-12,63
2023-10-13,60
2023-10-14,56
2023-10-15,55
2023-10-16,56
2023-10-17,58
2023-10-18,59
2023-10-19,59
2023-10-20,62
2023-10-21,62
2023-10-22,56
2023-10-23,53
2023-10-24,57
2023-10-25,62
2023-10-26,69
2023-10-27,69
2023-10-28,73
2023-10-29,59
2023-10-30,56
2023-10-31,50
2023-11-01,47
2023-11-02,44
2023-11-03,48
2023-11-04,53
2023-11-05,58
2023-11-06,51
2023-11-07,58
2023-11-08,51
2023-11-09,50
2023-11-10,53
2023-11-11,50
2023-11-12,42
2023-11-13,42
2023-11-14,49
2023-11-15,47
2023-11-16,54
2023-11-17,57
2023-11-18,56
2023-11-19,48
2023-11-20,44
2023-11-21,41
2023-11-22,51
2023-11-23,50
2023-11-24,48
2023-11-25,36
2023-11-26,41
2023-11-27,50
2023-11-28,38
2023-11-29,33
2023-11-30,41
2023-12-01,46
2023-12-02,50
2023-12-03,49
2023-12-04,49
2023-12-05,43
2023-12-06,39
2023-12-07,36
2023-12-08,43
2023-12-09,48
2023-12-10,53
2023-12-11,47
2023-12-12,41
2023-12-13,43
2023-12-14,38
2023-12-15,45
2023-12-16,51
2023-12-17,49
2023-12-18,56
2023-12-19,42
2023-12-20,36
2023-12-21,38
2023-12-22,32
2023-12-23,37
2023-12-24,43
2023-12-25,44
2023-12-26,45
2023-12-27,44
2023-12-28,49
2023-12-29,50
2023-12-30,45
2023-12-31,42
2024-01-01,43
2024-01-02,37
2024-01-03,39
2024-01-04,41
2024-01-05,32
2024-01-06,35
2024-01-07,37
2024-01-08,39
2024-01-09,41
2024-01-10,52
2024-01-11,45
2024-01-12,45
2024-01-13,51
2024-01-14,37
2024-01-15,27
2024-01-16,28
2024-01-17,23
2024-01-18,27
2024-01-19,31
2024-01-20,24
2024-01-21,24
2024-01-22,30
2024-01-23,37
2024-01-24,39
2024-01-25,49
2024-01-26,43
2024-01-27,43
2024-01-28,42
